{"file:///C:/Users/MukhoteBaaz%20Printers/Documents/travel/countries/india":{"assets/images/hashes.json":"d1lk+ceoyRKLONpyxC7rMg==","assets/images/logo-106x106.png":"KexvhLVQqKbRsyCO4kjhMA==","assets/images/alexey-turenkov-bwjiszjigtm-unsplash-1-596x447.jpg":"/c22AaRZrZMEw1NEmlUpeA==","assets/images/alexey-turenkov-596x447.jpg":"fvhlBDNxJyPsopmaHbC9nA==","assets/images/alexey-turenkov-bwjiszjigtm-unsplash-1-1-596x447.jpg":"E6ZXowChHIGdAEbQ+IE3pg==","assets/images/alexey-turenkov-bwjiszjigtm-unsplash-1-2-596x447.jpg":"iVxw3MuFFRCPNNpDcwkYIQ==","assets/images/alexey-turenkov-bwjiszjigtm-unsplash-1-2-1-596x447.jpg":"H9c3OWFMvWVgBpmuWmxXRA==","assets/images/alexey-turenkov-bwjiszjigtm-unsplash-1-2-2-596x447.jpg":"HrduqQlBoVpVpNp1s0igfQ==","assets/images/alexey-turenkov-bwjiszjigtm-unsplash-1-2-3-596x447.jpg":"gV3yqXN2UVjc6KGN0mV90g==","assets/images/alexey-turenkov-bwjiszjigtm-unsplash-1-2-4-596x447.jpg":"P6ex0muRiIV0nDDjTUwScQ==","assets/images/108d3496dd60460f8dfaf0554b09b21f-596x447.jpg":"SsQXPyi2TWs2B5aDowLaAQ==","assets/images/822893ec4a7c47da93d7ba236025c221-596x447.jpg":"wmDgcT+pNwyLfUcvwLgBwQ==","assets/images/975305feac4b49c8a71d3554d161bd3d-596x447.jpg":"h7rtVlSpC7N/L5A8JN7jZw==","assets/images/076718f1eb1a46509d847bd9be736947-596x447.jpg":"t+Y7PpSo1O8Yp06ugbLyJg==","assets/images/056c4d3f44a545aba6bbfbc1d6252323-596x447.jpg":"w3Tk1+uqgPbXrxOppIZ8MQ==","assets/images/b4b2816d2e6d40afa683312aaa0cf27f-596x447.jpg":"GjdJ/JpmGSo2/GkB/R8ZDQ==","assets/images/f1a7bd67a40b42c7b844ebd9c17996c2-596x447.jpg":"eSylOZChf2luF/odw/wxFA==","assets/images/1e5f8ce0d3e247f3bcc3aa46218ada9a-596x447.jpg":"6d00hruS5gEnXCaI498MXA==","assets/images/background1.jpg":"OM6hTwqMAQpTVhLcPG86xg==","assets/images/background2.jpg":"mIIbxW0r7dEZSbMPwcoYdg==","assets/images/background3.jpg":"sT80Y4RCGNBrSInGgrjIuA==","assets/images/background4.jpg":"UAc7kepzJPkrSn4uqTRvmw==","assets/images/background10.jpg":"OM6hTwqMAQpTVhLcPG86xg==","assets/images/background21.jpg":"mIIbxW0r7dEZSbMPwcoYdg==","assets/images/background32.jpg":"sT80Y4RCGNBrSInGgrjIuA==","assets/images/background43.jpg":"UAc7kepzJPkrSn4uqTRvmw==","assets/images/booking-options-apartment.svg":"VqbEA4N8U2N8rmp8fbqkxw==","assets/images/booking-options-guest-house.svg":"ekVvjjtN3wYrtRuYK60mTw==","assets/images/booking-options-hostel.svg":"tWEbXNHu7Q7cOzBdDnSGAw==","assets/images/booking-options-hotel.svg":"d1+outvQ5y3YdSVjhuV2Rg==","assets/images/andreas-gucklhorn-mawu2pojwfu-unsplash-1-1920x1080.jpg":"MEAOmet4uf4QPfI9gN8ZNA==","assets/images/andreas-gucklhorn-mawu2pojwfu-unsplash-1-1920x10804.jpg":"MEAOmet4uf4QPfI9gN8ZNA==","assets/web/assets/jquery/jquery.min.js":"V5Dq1607onOXrt+j0mO4Zw==","assets/web/assets/cookies-alert-plugin/cookies-alert-core.js":"a5Y+bfBoUDXF2c5aHZv/uA==","assets/web/assets/gdpr-plugin/gdpr-styles.css":"VOYgtGJgcBgtTYLWCF9pXQ==","assets/bootstrap/css/bootstrap.min.css":"9BHBNuK7MCraISCz6x1bww==","assets/bootstrap/css/bootstrap-grid.min.css":"kbYprkHMvvMG/ZJ2LsgHWQ==","assets/bootstrap/css/bootstrap-reboot.min.css":"//WhxWELTokJ3iPyIA2Taw==","assets/bootstrap/js/bootstrap.min.js":"aJXozWC2JkbOEkJgFYiPWA==","assets/popper/popper.min.js":"NiE4ESlZe/NNSKniYj4FyQ==","assets/tether/tether.min.css":"YhVaOUjL8Xsb9LQHyQq4Tw==","assets/tether/tether.min.js":"PlC291/0Eo8keLHUT4D9+w==","assets/theme/css/style.css":"5RM7jGI3Ttscx4e3u9gEGg==-VITbTf54ezV7Z7I/e4lZVw==","assets/theme/js/script.js":"nHV1n5ctAaocyEn/zpqDig==","assets/smoothscroll/smooth-scroll.js":"/ilgR0JEXYwwmd70AnYqZg==","assets/parallax/jarallax.min.js":"bFQ4obzjiC9HL+BZ3/QknA==","assets/animatecss/animate.min.css":"F4tlGVjO/1VsvF81Xgi78Q==","assets/viewportchecker/jquery.viewportchecker.js":"eqx7akE+5/2dVV8+sGGcUg==","assets/vimeoplayer/jquery.mb.vimeo_player.js":"GmfQhjxrSdOBpcDxHSmxjQ==","assets/dropdown/css/style.css":"s+S8lVC62P0BWFtgHpaNFA==","assets/dropdown/js/nav-dropdown.js":"9bGPRW1xT1/TQXobsnjO7Q==","assets/dropdown/js/navbar-dropdown.js":"4AZMGJuOfxUjEI1W5pEGCA==","assets/touchswipe/jquery.touch-swipe.min.js":"9g/wVGnRdXmW2F9BctT/TQ==","assets/web/assets/mobirise-icons/mobirise-icons.css":"t/IrTIzfJvbDUoCV05F+7Q==","assets/web/assets/mobirise-icons/mobirise-icons.eot":"d1DWj4ts/6jfjnda7g4Q2A==","assets/web/assets/mobirise-icons/mobirise-icons.svg":"Yp5pSlGdnLgPdQLUa/Yv3w==","assets/web/assets/mobirise-icons/mobirise-icons.ttf":"sxxNoGToYfNN/LuoyTYkfg==","assets/web/assets/mobirise-icons/mobirise-icons.woff":"rcbBnBdGlGMmyU5U/bmzjg==","assets/web/assets/mobirise-icons2/mobirise2.css":"+RO7OxVtE1FsD/N7V3/ADw==","assets/web/assets/mobirise-icons2/mobirise2.eot":"B2EjryGRojlTpzr1GHt3LQ==","assets/web/assets/mobirise-icons2/mobirise2.svg":"usCYAy7QdzckfeGReb9wWQ==","assets/web/assets/mobirise-icons2/mobirise2.ttf":"VMdAr7YYQ2ab9KiUyabAGA==","assets/web/assets/mobirise-icons2/mobirise2.woff":"xY3InaTfYGp0nlCuQBMudQ==","assets/socicon/css/styles.css":"q91aZJ04O5rzI1nJO9PRHw==","assets/socicon/fonts/socicon.eot":"MPSJKATRK38mcvpptQ55Tw==","assets/socicon/fonts/socicon.svg":"U1iRKoyNjKeR+mUJr3QbXg==","assets/socicon/fonts/socicon.ttf":"IHIkncvMbBJep0Ptli4Stw==","assets/socicon/fonts/socicon.woff":"5OoJHiBWPeGKNxNDiBvqvw==","assets/images/e7jl6lw8n5gxeoa9quca_07_bef1eff5a2db35b6cd08c41dedf38009_avatar_full-736x736.jpg":"ZmD7jKaorgBvU5niRJa4RA==","assets/images/index-meta.jpg":"ZmD7jKaorgBvU5niRJa4RA=="},"file:///C:/Users/MukhoteBaaz%20Printers/Documents/travel/countries/travel%20homepage":{"assets/images/background1.jpg":"OM6hTwqMAQpTVhLcPG86xg==","assets/images/background2.jpg":"mIIbxW0r7dEZSbMPwcoYdg==","assets/images/background3.jpg":"sT80Y4RCGNBrSInGgrjIuA==","assets/images/background4.jpg":"UAc7kepzJPkrSn4uqTRvmw==","assets/web/assets/jquery/jquery.min.js":"V5Dq1607onOXrt+j0mO4Zw==","assets/web/assets/cookies-alert-plugin/cookies-alert-core.js":"a5Y+bfBoUDXF2c5aHZv/uA==","assets/web/assets/gdpr-plugin/gdpr-styles.css":"VOYgtGJgcBgtTYLWCF9pXQ==","assets/bootstrap/css/bootstrap.min.css":"9BHBNuK7MCraISCz6x1bww==","assets/bootstrap/css/bootstrap-grid.min.css":"kbYprkHMvvMG/ZJ2LsgHWQ==","assets/bootstrap/css/bootstrap-reboot.min.css":"//WhxWELTokJ3iPyIA2Taw==","assets/bootstrap/js/bootstrap.min.js":"aJXozWC2JkbOEkJgFYiPWA==","assets/popper/popper.min.js":"NiE4ESlZe/NNSKniYj4FyQ==","assets/tether/tether.min.js":"PlC291/0Eo8keLHUT4D9+w==","assets/theme/css/style.css":"5RM7jGI3Ttscx4e3u9gEGg==-VITbTf54ezV7Z7I/e4lZVw==","assets/tether/tether.min.css":"YhVaOUjL8Xsb9LQHyQq4Tw==","assets/smoothscroll/smooth-scroll.js":"/ilgR0JEXYwwmd70AnYqZg==","assets/parallax/jarallax.min.js":"bFQ4obzjiC9HL+BZ3/QknA==","assets/animatecss/animate.min.css":"F4tlGVjO/1VsvF81Xgi78Q==","assets/viewportchecker/jquery.viewportchecker.js":"eqx7akE+5/2dVV8+sGGcUg==","assets/vimeoplayer/jquery.mb.vimeo_player.js":"GmfQhjxrSdOBpcDxHSmxjQ==","assets/dropdown/css/style.css":"s+S8lVC62P0BWFtgHpaNFA==","assets/web/assets/mobirise-icons/mobirise-icons.css":"t/IrTIzfJvbDUoCV05F+7Q==","assets/web/assets/mobirise-icons/mobirise-icons.eot":"d1DWj4ts/6jfjnda7g4Q2A==","assets/touchswipe/jquery.touch-swipe.min.js":"9g/wVGnRdXmW2F9BctT/TQ==","assets/dropdown/js/nav-dropdown.js":"9bGPRW1xT1/TQXobsnjO7Q==","assets/web/assets/mobirise-icons/mobirise-icons.woff":"rcbBnBdGlGMmyU5U/bmzjg==","assets/web/assets/mobirise-icons/mobirise-icons.svg":"Yp5pSlGdnLgPdQLUa/Yv3w==","assets/web/assets/mobirise-icons/mobirise-icons.ttf":"sxxNoGToYfNN/LuoyTYkfg==","assets/web/assets/mobirise-icons2/mobirise2.svg":"usCYAy7QdzckfeGReb9wWQ==","assets/web/assets/mobirise-icons2/mobirise2.css":"+RO7OxVtE1FsD/N7V3/ADw==","assets/web/assets/mobirise-icons2/mobirise2.woff":"xY3InaTfYGp0nlCuQBMudQ==","assets/dropdown/js/navbar-dropdown.js":"4AZMGJuOfxUjEI1W5pEGCA==","assets/web/assets/mobirise-icons2/mobirise2.ttf":"VMdAr7YYQ2ab9KiUyabAGA==","assets/web/assets/mobirise-icons2/mobirise2.eot":"B2EjryGRojlTpzr1GHt3LQ==","assets/socicon/css/styles.css":"q91aZJ04O5rzI1nJO9PRHw==","assets/socicon/fonts/socicon.eot":"MPSJKATRK38mcvpptQ55Tw==","assets/socicon/fonts/socicon.svg":"U1iRKoyNjKeR+mUJr3QbXg==","assets/socicon/fonts/socicon.ttf":"IHIkncvMbBJep0Ptli4Stw==","assets/socicon/fonts/socicon.woff":"5OoJHiBWPeGKNxNDiBvqvw==","assets/images/background10.jpg":"OM6hTwqMAQpTVhLcPG86xg==","assets/images/background21.jpg":"mIIbxW0r7dEZSbMPwcoYdg==","assets/images/background32.jpg":"sT80Y4RCGNBrSInGgrjIuA==","assets/images/background43.jpg":"UAc7kepzJPkrSn4uqTRvmw==","assets/images/alexey-turenkov-bwjiszjigtm-unsplash-1-596x447.jpg":"/c22AaRZrZMEw1NEmlUpeA==","assets/images/alexey-turenkov-596x447.jpg":"fvhlBDNxJyPsopmaHbC9nA==","assets/images/logo-106x106.png":"KexvhLVQqKbRsyCO4kjhMA==","assets/images/alexey-turenkov-bwjiszjigtm-unsplash-1-1-596x447.jpg":"E6ZXowChHIGdAEbQ+IE3pg==","assets/images/alexey-turenkov-bwjiszjigtm-unsplash-1-2-596x447.jpg":"iVxw3MuFFRCPNNpDcwkYIQ==","assets/images/alexey-turenkov-bwjiszjigtm-unsplash-1-2-1-596x447.jpg":"H9c3OWFMvWVgBpmuWmxXRA==","assets/images/alexey-turenkov-bwjiszjigtm-unsplash-1-2-3-596x447.jpg":"gV3yqXN2UVjc6KGN0mV90g==","assets/images/hashes.json":"43kGuA91ct2olW6Zm9R03w==","assets/images/alexey-turenkov-bwjiszjigtm-unsplash-1-2-2-596x447.jpg":"HrduqQlBoVpVpNp1s0igfQ==","assets/images/alexey-turenkov-bwjiszjigtm-unsplash-1-2-4-596x447.jpg":"P6ex0muRiIV0nDDjTUwScQ==","assets/images/108d3496dd60460f8dfaf0554b09b21f-596x447.jpg":"SsQXPyi2TWs2B5aDowLaAQ==","assets/images/822893ec4a7c47da93d7ba236025c221-596x447.jpg":"wmDgcT+pNwyLfUcvwLgBwQ==","assets/images/975305feac4b49c8a71d3554d161bd3d-596x447.jpg":"h7rtVlSpC7N/L5A8JN7jZw==","assets/images/076718f1eb1a46509d847bd9be736947-596x447.jpg":"t+Y7PpSo1O8Yp06ugbLyJg==","assets/images/056c4d3f44a545aba6bbfbc1d6252323-596x447.jpg":"w3Tk1+uqgPbXrxOppIZ8MQ==","assets/images/f1a7bd67a40b42c7b844ebd9c17996c2-596x447.jpg":"eSylOZChf2luF/odw/wxFA==","assets/images/b4b2816d2e6d40afa683312aaa0cf27f-596x447.jpg":"GjdJ/JpmGSo2/GkB/R8ZDQ==","assets/images/1e5f8ce0d3e247f3bcc3aa46218ada9a-596x447.jpg":"6d00hruS5gEnXCaI498MXA==","assets/images/booking-options-apartment.svg":"VqbEA4N8U2N8rmp8fbqkxw==","assets/images/booking-options-hotel.svg":"d1+outvQ5y3YdSVjhuV2Rg==","assets/images/booking-options-hostel.svg":"tWEbXNHu7Q7cOzBdDnSGAw==","assets/images/booking-options-guest-house.svg":"ekVvjjtN3wYrtRuYK60mTw==","assets/images/andreas-gucklhorn-mawu2pojwfu-unsplash-1-1920x1080.jpg":"MEAOmet4uf4QPfI9gN8ZNA==","assets/images/andreas-gucklhorn-mawu2pojwfu-unsplash-1-1920x10804.jpg":"MEAOmet4uf4QPfI9gN8ZNA==","assets/images/e7jl6lw8n5gxeoa9quca_07_bef1eff5a2db35b6cd08c41dedf38009_avatar_full-736x736.jpg":"ZmD7jKaorgBvU5niRJa4RA==","assets/images/index-meta.jpg":"ZmD7jKaorgBvU5niRJa4RA==","assets/images/background110.jpg":"OM6hTwqMAQpTVhLcPG86xg==","assets/images/background211.jpg":"mIIbxW0r7dEZSbMPwcoYdg==","assets/images/background312.jpg":"sT80Y4RCGNBrSInGgrjIuA==","assets/images/background413.jpg":"UAc7kepzJPkrSn4uqTRvmw==","assets/images/andreas-gucklhorn-mawu2pojwfu-unsplash-1-1920x108014.jpg":"MEAOmet4uf4QPfI9gN8ZNA==","assets/images/background115.jpg":"OM6hTwqMAQpTVhLcPG86xg==","assets/images/background216.jpg":"mIIbxW0r7dEZSbMPwcoYdg==","assets/images/background317.jpg":"sT80Y4RCGNBrSInGgrjIuA==","assets/images/background418.jpg":"UAc7kepzJPkrSn4uqTRvmw==","assets/images/andreas-gucklhorn-mawu2pojwfu-unsplash-1-1920x108019.jpg":"MEAOmet4uf4QPfI9gN8ZNA==","assets/images/background15.jpg":"OM6hTwqMAQpTVhLcPG86xg==","assets/images/background26.jpg":"mIIbxW0r7dEZSbMPwcoYdg==","assets/images/background37.jpg":"sT80Y4RCGNBrSInGgrjIuA==","assets/images/background48.jpg":"UAc7kepzJPkrSn4uqTRvmw==","assets/images/andreas-gucklhorn-mawu2pojwfu-unsplash-1-1920x10809.jpg":"MEAOmet4uf4QPfI9gN8ZNA==","assets/images/753eeb14b378484aa49979b30eddf95b-596x447.jpg":"7TmX+GavnjUvwdfileYPUQ==","assets/images/3eabfac88b8544c9886115388f64a0c5-596x447.jpg":"p+9MgaHZRHjzuppp41rQTg==","assets/images/01c95c99694c4df89452a0be3d271717-596x447.jpg":"MK3ZuvcilKOfg70PI++nPA==","assets/images/2ac7c7ede227453d8ff8c69f40433ea6-596x447.jpg":"c6zsvdaPm3S1hDg0zFLnCQ==","assets/images/a83200fbbe8e4d42b8073c5303ed920c-596x447.jpg":"15c6hz1M5eho3tKa3NyT+g==","assets/images/d2b83bcd92cc46b3b7830d67597e6e0c-596x447.jpg":"d0QGIAa98Fdln8TTx6ITPw==","assets/images/8385d155b5d6436c8726c03d940e878d-596x447.jpg":"C/iTaY1zfG8OQopYM62RgA==","assets/images/background114.jpg":"OM6hTwqMAQpTVhLcPG86xg==","assets/images/background215.jpg":"mIIbxW0r7dEZSbMPwcoYdg==","assets/images/background316.jpg":"sT80Y4RCGNBrSInGgrjIuA==","assets/images/background417.jpg":"UAc7kepzJPkrSn4uqTRvmw==","assets/images/background122.jpg":"OM6hTwqMAQpTVhLcPG86xg==","assets/images/background223.jpg":"mIIbxW0r7dEZSbMPwcoYdg==","assets/images/background324.jpg":"sT80Y4RCGNBrSInGgrjIuA==","assets/images/background425.jpg":"UAc7kepzJPkrSn4uqTRvmw==","assets/images/background126.jpg":"OM6hTwqMAQpTVhLcPG86xg==","assets/images/background227.jpg":"mIIbxW0r7dEZSbMPwcoYdg==","assets/images/background328.jpg":"sT80Y4RCGNBrSInGgrjIuA==","assets/images/background429.jpg":"UAc7kepzJPkrSn4uqTRvmw==","assets/theme/js/script.js":"nHV1n5ctAaocyEn/zpqDig==","assets/images/512b129802d04b348a83542549f94fbf-596x447.jpg":"06yE9lg8jy+w4imCmk1PmQ==","assets/images/background130.jpg":"OM6hTwqMAQpTVhLcPG86xg==","assets/images/background231.jpg":"mIIbxW0r7dEZSbMPwcoYdg==","assets/images/background332.jpg":"sT80Y4RCGNBrSInGgrjIuA==","assets/images/background433.jpg":"UAc7kepzJPkrSn4uqTRvmw==","assets/images/background138.jpg":"OM6hTwqMAQpTVhLcPG86xg==","assets/images/background239.jpg":"mIIbxW0r7dEZSbMPwcoYdg==","assets/images/background340.jpg":"sT80Y4RCGNBrSInGgrjIuA==","assets/images/background441.jpg":"UAc7kepzJPkrSn4uqTRvmw=="}}