{"HgKe9Z1futTgY69ClRwWCQ==":"logo-122x24.png","MEAOmet4uf4QPfI9gN8ZNA==":"andreas-gucklhorn-mawu2pojwfu-unsplash%20(1)-1920x1080.jpg","THUEbb9egjSIxn836Cw3Yg==":"e7jl6lw8n5gxeoa9quca_07_bef1eff5a2db35b6cd08c41dedf38009_avatar_full-618x618.jpeg","KexvhLVQqKbRsyCO4kjhMA==":"logo-106x106.png","jGUcKuqPIemn1++KRvyYBQ==":"6-2000x2829.png","ZmD7jKaorgBvU5niRJa4RA==":"e7jl6lw8n5gxeoa9quca_07_bef1eff5a2db35b6cd08c41dedf38009_avatar_full-736x736.jpg","VqbEA4N8U2N8rmp8fbqkxw==":"booking_options_apartment.svg","N73nm7nVMjKB1B39Vn/tKQ==":"booking_options_apartment-110x140.png","ekVvjjtN3wYrtRuYK60mTw==":"booking_options_guest_house.svg","tWEbXNHu7Q7cOzBdDnSGAw==":"booking_options_hostel.svg","d1+outvQ5y3YdSVjhuV2Rg==":"booking_options_hotel.svg","qQ8rk/UZXT5ODifpA/p02g==":"booking_options_hostel.png","wmDgcT+pNwyLfUcvwLgBwQ==":"822893ec4a7c47da93d7ba236025c221-596x447.jpg","t+Y7PpSo1O8Yp06ugbLyJg==":"076718f1eb1a46509d847bd9be736947-596x447.jpg","h7rtVlSpC7N/L5A8JN7jZw==":"975305feac4b49c8a71d3554d161bd3d-596x447.jpg","SsQXPyi2TWs2B5aDowLaAQ==":"108d3496dd60460f8dfaf0554b09b21f-596x447.jpg","/c22AaRZrZMEw1NEmlUpeA==":"alexey-turenkov-bwjiszjigtm-unsplash%20(1)-596x447.jpg","MCea9lXybG2m+zuwH3hjLw==":"sreehari-devadas-mmkvkvemal4-unsplash-596x398.jpg","kIFsJLzYZuZ+e2CmYUrFdw==":"sreehari-devadas-6lwnb-ogaao-unsplash-596x398.jpg","lYxio04cM5bhRGZC6i9Wgw==":"joolay-life-3umperolelu-unsplash-596x398.jpg","fvhlBDNxJyPsopmaHbC9nA==":"alexey-turenkov--596x447.jpg","PwmJaWObxaxoix2Nvn+TWA==":"alexey-turenkov-bwjiszjigtm-unsplash%20(1)%20(1)-596x447.jpg","E6ZXowChHIGdAEbQ+IE3pg==":"alexey-turenkov-bwjiszjigtm-unsplash%20(1)%20(1)-596x447.jpg","iVxw3MuFFRCPNNpDcwkYIQ==":"alexey-turenkov-bwjiszjigtm-unsplash%20(1)%20(2)-596x447.jpg","pa5Dkwo/T1qgW/t0h+fQvA==":"background5-1.jpg","z6ZfLgd9OBzf8K4H4ABlWw==":"background7-1.jpg","a/BaFKiwSB7CC406EGig4g==":"background6-1.jpg","w3Tk1+uqgPbXrxOppIZ8MQ==":"056c4d3f44a545aba6bbfbc1d6252323-596x447.jpg","6d00hruS5gEnXCaI498MXA==":"1e5f8ce0d3e247f3bcc3aa46218ada9a-596x447.jpg","eSylOZChf2luF/odw/wxFA==":"f1a7bd67a40b42c7b844ebd9c17996c2-596x447.jpg","GjdJ/JpmGSo2/GkB/R8ZDQ==":"b4b2816d2e6d40afa683312aaa0cf27f-596x447.jpg","H9c3OWFMvWVgBpmuWmxXRA==":"alexey-turenkov-bwjiszjigtm-unsplash%20(1)%20(2)%20(1)-596x447.jpg","HrduqQlBoVpVpNp1s0igfQ==":"alexey-turenkov-bwjiszjigtm-unsplash%20(1)%20(2)%20(2)-596x447.jpg","gV3yqXN2UVjc6KGN0mV90g==":"alexey-turenkov-bwjiszjigtm-unsplash%20(1)%20(2)%20(3)-596x447.jpg","P6ex0muRiIV0nDDjTUwScQ==":"alexey-turenkov-bwjiszjigtm-unsplash%20(1)%20(2)%20(4)-596x447.jpg","7TmX+GavnjUvwdfileYPUQ==":"753eeb14b378484aa49979b30eddf95b-596x447.jpg","MK3ZuvcilKOfg70PI++nPA==":"01c95c99694c4df89452a0be3d271717-596x447.jpg","C/iTaY1zfG8OQopYM62RgA==":"8385d155b5d6436c8726c03d940e878d-596x447.jpg","15c6hz1M5eho3tKa3NyT+g==":"a83200fbbe8e4d42b8073c5303ed920c-596x447.jpg","p+9MgaHZRHjzuppp41rQTg==":"3eabfac88b8544c9886115388f64a0c5-596x447.jpg","d0QGIAa98Fdln8TTx6ITPw==":"d2b83bcd92cc46b3b7830d67597e6e0c-596x447.jpg","c6zsvdaPm3S1hDg0zFLnCQ==":"2ac7c7ede227453d8ff8c69f40433ea6-596x447.jpg","06yE9lg8jy+w4imCmk1PmQ==":"512b129802d04b348a83542549f94fbf-596x447.jpg"}